LastName, FirstName, Email, FavoriteColor, DateOfBirth
Burrier, Efrain, overpowernailbrushs@franchisedgateposts.com, red, 2008-10-20
Kruskie, Nickolas, copiedbakerscounsellor@moonlitsunlights.me, green, 2006-02-21
Baus, Jackie, statisticsmilitarizing@Pittmanbulgysermons.org, blue, 1996-11-22
Shadrix, Jim, locksdetracted@inureinnovators.net, green, 1986-08-03
Gorter, Jermaine, comeuppancesadvances@slopSpencerianhelpfully.net, green, 2002-01-28
Galuska, Noah, terminologyintruding@misdealingThurman.org, indigo, 1991-04-18
Segarra, Burton, Margretbiliousamiability@fishyquadraphonic.info, yellow, 2003-06-21
Scannell, Isaias, warblackthorn@cotillionssnappish.net, green, 2019-08-22
Braunfeld, Danny, invigorations@shuckingbastion.me, yellow, 2020-02-09
Siam, Darrell, geishassippedKrogers@cardboardabnegations.com, green, 1989-10-02
Moczydlowski, Tyron, biospheresMoravia@steamingstacks.gov, red, 2006-07-28
Tayes, Cristopher, narccluckstortoiseretaliate@presentimentCerberus.org, orange, 1985-06-20
Ynfante, Ali, rhymingemployeesmonotheistic@franknessfazing.edu, green, 1992-06-30
Romandia, Bradley, Rutgersdens@sleazesgoddaughters.com, orange, 1988-10-10
Woolheater, Carmen, Gausssformallytorus@quotable.org, yellow, 1987-05-02
Manera, Bernard, purplestCameroonssugarcoat@secretariats.com, yellow, 2004-02-01
Motycka, Jared, curryinghypersensitivity@openingsOisesqueezers.com, violet, 1992-04-21
Strangis, Waldo, Kenyascrimpingculminations@systemsKirghiz.org, yellow, 2018-12-31
Abasolo, Antonia, stationerHamiltonians@celebritycraniums.com, yellow, 2021-06-08
Mindel, Louis, drenchedgymnasiums@hurdlepandemoniums.gov, yellow, 2016-07-02
Remedios, Isaias, PentecostBriceindiscreetly@Odetssprinklings.net, indigo, 1987-06-08
Maloof, Edward, lapsescomblivens@SiamvacillationsAmericanas.gov, orange, 1989-09-01
Vandervorst, Roland, nepotismpigeons@hearkensforbid.com, violet, 2008-06-25
Quaile, Homer, Jaimeneitheraphoristic@radiograms.com, blue, 1979-04-07
Eckrich, Garrett, Leakeyfurring@kielbasasblackboards.edu, green, 2008-02-07
Qing, Fabian, cactusLauras@unsheathes.org, blue, 1973-12-08
Weedin, Bryan, jinrikishasdolefuller@sanctimoniously.net, orange, 1997-06-06
Gherardini, Minh, quotationslegacy@entrancingfireworks.edu, green, 1998-04-02
Arata, Frederick, correctors@transfinite.com, indigo, 1971-05-22
Dehring, Lowell, journalesederegulating@shipmateEdmontons.net, blue, 1973-08-16
Mulryan, Hipolito, Maimanscrews@leaks.com, indigo, 1981-04-10
Kapusta, Parker, shysterReguluss@cushioningmountebanks.net, blue, 1977-06-09
Iserman, Stanton, alehootingsasses@ranchesStacis.me, violet, 1993-12-01
