namelast,namefirst,email,birthdate
Mcmurray,Rolf,exhortationsbabblestopss@trickierAudragyrations.edu,2007-08-15
Banes,Hoyt,Patricaexciting@nookactivating.gov,2019-04-17
Harteis,Gabriel,jockemployerwhenspeculator@mislaysrevamping.gov,1975-06-01
Grochow,Delmar,betokenscoexistingclassed@MasterCardsBergen.com,2017-08-31
Vanparys,Erwin,bankrollingmarvels@traffic.com,1994-09-05
Vannoy,Anderson,confidantmarknailing@Egyptssinister.org,2014-05-19
Desourdy,Renaldo,binallocatebadmouthed@mousseoculistRomanians.info,1999-04-11
Corriston,Darin,sinfullypreens@Smollettsbucketed.info,1985-02-05
Bragan,Oswaldo,lovemakingstriangulation@inflammatory.com,1979-09-05
Fordham,Chang,grizzlierlichensUkraine@disalloweddruggist.org,1999-02-25
Glasse,Avery,floetravelers@soothdorky.org,2008-01-29
Sylte,Jacques,lifeformsdisruptsdauber@proscriptionswines.gov,1994-06-04
Holberton,Kristofer,preteritesbetrayed@notationsjackass.info,2014-11-02
Mellace,Brendon,armaturesturboprop@Shostakovitchs.edu,1988-05-24
Sconiers,Forest,palsKenton@whimseywatery.net,2020-11-13
Alarie,Calvin,humiliationsstandbys@legateesIsraelite.me,2020-04-04
Drakulic,Wesley,tablewareCantuslifts@enemiescussesimpeaches.info,1970-09-17
Rosselle,Young,partiallytimbres@thumpscandors.net,1983-10-27
Marinari,Fritz,drunkardsarcasms@catnapsdecolonizedleg.gov,2011-12-23
Viner,Bert,fancinesssMeltonbefuddle@workbooksimmutability.me,1978-12-10
Eckhout,Lonny,disadvantagedpharmacist@birthrights.gov,2012-05-04
Zaiter,Milton,Halloweenssallysdisobliged@buoyancybraided.me,2012-03-07
Weigl,John,convokesprevention@selloutsanesthesiologist.net,2010-04-06
Lippard,Brad,pincushionscrotches@Lachesiss.net,1992-09-23
Lambourne,Lawerence,proveKohinoors@afflictleapfrogged.me,2007-07-05
Aduna,Romeo,oiledlastingMcCulloughs@freakier.gov,2019-05-14
Laryea,Erwin,signboardschlorinated@devisedAlta.net,1983-07-12
Vanna,Man,emanatedsubsiding@erasuredetoured.edu,1980-01-23
Pinsker,Leopoldo,bruiserstoopingpored@tutoringuntanglesEarline.gov,1977-04-30
Boot,Mac,Marvincentralizingresulted@bitchierlumpinessbraved.me,1996-02-24
Disher,Sammie,envisagingGautamasBarbuda@debtors.info,1977-06-02
Torrisi,Jospeh,deplorablychinning@apseLazarusschamberlains.org,1970-12-22
Demarchis,Domenic,furthestBeckArizonan@asperity.edu,1996-04-01
Burrier,Efrain,overpowernailbrushs@franchisedgateposts.com,2008-10-20
Kruskie,Nickolas,copiedbakerscounsellor@moonlitsunlights.me,2006-02-21
Baus,Jackie,statisticsmilitarizing@Pittmanbulgysermons.org,1996-11-22
Shadrix,Jim,locksdetracted@inureinnovators.net,1986-08-03
Gorter,Jermaine,comeuppancesadvances@slopSpencerianhelpfully.net,2002-01-28
Galuska,Noah,terminologyintruding@misdealingThurman.org,1991-04-18
Segarra,Burton,Margretbiliousamiability@fishyquadraphonic.info,2003-06-21
Scannell,Isaias,warblackthorn@cotillionssnappish.net,2019-08-22
Braunfeld,Danny,invigorations@shuckingbastion.me,2020-02-09
Siam,Darrell,geishassippedKrogers@cardboardabnegations.com,1989-10-02
Moczydlowski,Tyron,biospheresMoravia@steamingstacks.gov,2006-07-28
Tayes,Cristopher,narccluckstortoiseretaliate@presentimentCerberus.org,1985-06-20
Ynfante,Ali,rhymingemployeesmonotheistic@franknessfazing.edu,1992-06-30
Romandia,Bradley,Rutgersdens@sleazesgoddaughters.com,1988-10-10
Woolheater,Carmen,Gausssformallytorus@quotable.org,1987-05-02
Manera,Bernard,purplestCameroonssugarcoat@secretariats.com,2004-02-01
Motycka,Jared,curryinghypersensitivity@openingsOisesqueezers.com,1992-04-21
Strangis,Waldo,Kenyascrimpingculminations@systemsKirghiz.org,2018-12-31
Abasolo,Antonia,stationerHamiltonians@celebritycraniums.com,2021-06-08
Mindel,Louis,drenchedgymnasiums@hurdlepandemoniums.gov,2016-07-02
Remedios,Isaias,PentecostBriceindiscreetly@Odetssprinklings.net,1987-06-08
Maloof,Edward,lapsescomblivens@SiamvacillationsAmericanas.gov,1989-09-01
Vandervorst,Roland,nepotismpigeons@hearkensforbid.com,2008-06-25
Quaile,Homer,Jaimeneitheraphoristic@radiograms.com,1979-04-07
Eckrich,Garrett,Leakeyfurring@kielbasasblackboards.edu,2008-02-07
Qing,Fabian,cactusLauras@unsheathes.org,1973-12-08
Weedin,Bryan,jinrikishasdolefuller@sanctimoniously.net,1997-06-06
Gherardini,Minh,quotationslegacy@entrancingfireworks.edu,1998-04-02
Arata,Frederick,correctors@transfinite.com,1971-05-22
Dehring,Lowell,journalesederegulating@shipmateEdmontons.net,1973-08-16
Mulryan,Hipolito,Maimanscrews@leaks.com,1981-04-10
Kapusta,Parker,shysterReguluss@cushioningmountebanks.net,1977-06-09
Iserman,Stanton,alehootingsasses@ranchesStacis.me,1993-12-01
Edwardsen,Kieth,greasedscapegoating@brokeKatmai.edu,1998-06-05
Patricola,Pete,retryingphonemics@headersbuckettelegrams.edu,1990-05-19
Genzler,Vicente,decadesslate@Mansonpepped.net,1985-02-17
Pogan,Hong,ruedchurlishplantains@vectored.me,1985-03-09
Tsinnie,Morris,Corahatredcapitalist@virginsengenderdray.org,2013-03-26
Legall,Gail,contemporariesAgnis@Zambonihoweverthinly.info,2019-08-04
Countiss,Anton,BlanchesSerb@momentums.edu,2019-12-24
Rostock,Duncan,administerscalluss@makeupMoiseyevs.edu,1984-06-29
Wagaman,Omer,Hirohitosbaptists@tamalerummys.com,1980-04-10
Juvan,Elisha,insecticides@restores.edu,2017-03-10
Fulgenzi,Wilmer,Angiesreverberates@newnesssavageness.edu,1992-12-05
Gadde,Kennith,inspirationsdeluges@JerrodTalibanspugnaciously.info,1985-08-15
Venanzi,Lawrence,throatilyGeorgias@Kipbrick.edu,1992-05-14
Madigan,Preston,zincingbrigantinemuddied@twirlingSungsperoxide.gov,2006-12-16
Marlo,Barry,Merrimacksgibbets@slugs.edu,1991-02-11
Mosner,Donn,ninetyBrunhildes@leachairworthyconstituencies.org,2004-05-04
Corneil,Noble,sepulcheringpesos@lubricatorsreallocating.com,1983-08-05
Wilroy,Lee,Ltforgonetunssteady@AlaskanMorses.net,2004-06-28
Mazzarella,Joey,interrogatoroverplaying@illegitimately.me,1989-02-21
Robarts,Darrel,grouperstepparent@balustersquay.gov,2013-02-02
Lotito,Frederick,saprophyteRapunzelneurologists@exoticsserenenessshut.me,2006-04-26
Barriault,Jonas,dominantaxsfricassees@derailmentsexpediters.edu,1995-01-08
Basilone,Ezra,cigarsarmfulspaintbrushs@sixtieths.net,1978-10-31
Osterkamp,Stacy,thrallsstarfishes@circumstanceconvalescence.com,2012-12-16
Lampton,Guadalupe,indeedViagraatonal@effectualroodocarina.me,2004-10-31
Sintas,Horace,Billingseweswounding@thundershowers.edu,1979-12-14
Vallian,Nicholas,sleepwearsstavedwarn@patriot.gov,1984-05-19
Rinderknecht,Cornell,unfashionablefluctuated@HussitesCornishtester.me,1999-05-24
Dubik,Coy,grandmothers@wildernessescowardices.gov,2020-01-15
Loney,Brian,torrentswhisperings@Nairobi.net,1971-04-06
Kasprzyk,Art,nuggetanalystSavannah@condensers.org,2011-03-16
Tamashird,Bryon,boxerteachingswaxing@QuasimodosIsidro.net,2007-07-30
Frock,Emilio,cosmosesfirefighting@litigatefastidiousnesss.org,1994-03-10
Logatto,Hollis,mainstreamsinventoried@Sanfords.edu,1976-09-26
